{
  "patches": [
    {
      "file": "/data/config/paper-global.yml",
      "ops": [
        {
          "$set": {
            "path": "$.collisions.send-full-pos-for-hard-colliding-entities",
            "value": false
          }
        },
        {
          "$set": {
            "path": "$.item-validation.book.author",
            "value": 819
          }
        },
        {
          "$set": {
            "path": "$.item-validation.book.page",
            "value": 163
          }
        },
        {
          "$set": {
            "path": "$.item-validation.book.title",
            "value": 819
          }
        },
        {
          "$set": {
            "path": "$.item-validation.book-size.page-max",
            "value": 256
          }
        },
        {
          "$set": {
            "path": "$.packet-limiter.all-packets.max-packet-rate",
            "value": 1500.0
          }
        },
        {
          "$set": {
            "path": "$.spark",
            "value": {}
          }
        },
        {
          "$set": {
            "path": "$.timings.verbose",
            "value": false
          }
        },
        {
          "$set": {
            "path": "$.timings.history-interval",
            "value": 0
          }
        },
        {
          "$set": {
            "path": "$.timings.history-length",
            "value": 0
          }
        },
        {
          "$set": {
            "path": "$.timings.server-name",
            "value": "Lifesteal"
          }
        },
        {
          "$put": {
            "path": "$.unsupported-settings",
            "key": "allow-grindstone-overstacking",
            "value": false
          }
        },
        {
          "$set": {
            "path": "$.unsupported-settings.skip-vanilla-damage-tick-when-shield-blocked",
            "value": null
          }
        }
      ]
    },
    {
      "file": "/data/config/paper-world-defaults.yml",
      "ops": [
        {
          "$set": {
            "path": "$._version",
            "value": 30
          }
        },
        {
          "$set": {
            "path": "$.anticheat.anti-xray.hidden-blocks[14]",
            "value": "oak_planks"
          }
        },
        {
          "$set": {
            "path": "$.anticheat.anti-xray.hidden-blocks[15]",
            "value": "spruce_planks"
          }
        },
        {
          "$set": {
            "path": "$.anticheat.anti-xray.hidden-blocks[16]",
            "value": "oak_wood"
          }
        },
        {
          "$set": {
            "path": "$.anticheat.anti-xray.hidden-blocks[17]",
            "value": "spruce_wood"
          }
        },
        {
          "$set": {
            "path": "$.chunks.entity-per-chunk-save-limit.arrow",
            "value": 16
          }
        },
        {
          "$set": {
            "path": "$.chunks.entity-per-chunk-save-limit.experience_orb",
            "value": 16
          }
        },
        {
          "$set": {
            "path": "$.chunks.flush-regions-on-save",
            "value": true
          }
        },
        {
          "$set": {
            "path": "$.chunks.max-auto-save-chunks-per-tick",
            "value": 6
          }
        },
        {
          "$set": {
            "path": "$.collisions.fix-climbing-bypassing-cramming-rule",
            "value": true
          }
        },
        {
          "$set": {
            "path": "$.collisions.max-entity-collisions",
            "value": 2
          }
        },
        {
          "$set": {
            "path": "$.entities.armor-stands.tick",
            "value": false
          }
        },
        {
          "$set": {
            "path": "$.entities.behavior.allow-spider-world-border-climbing",
            "value": false
          }
        },
        {
          "$set": {
            "path": "$.entities.behavior.disable-chest-cat-detection",
            "value": true
          }
        },
        {
          "$set": {
            "path": "$.environment.optimize-explosions",
            "value": true
          }
        },
        {
          "$set": {
            "path": "$.fixes.falling-block-height-nerf",
            "value": 319
          }
        },
        {
          "$set": {
            "path": "$.fixes.tnt-entity-height-nerf",
            "value": 319
          }
        },
        {
          "$set": {
            "path": "$.hopper.disable-move-event",
            "value": true
          }
        },
        {
          "$set": {
            "path": "$.misc.redstone-implementation",
            "value": "ALTERNATE_CURRENT"
          }
        },
        {
          "$set": {
            "path": "$.misc.max-leash-distance",
            "value": 10.0
          }
        },
        {
          "$set": {
            "path": "$.misc.update-pathfinding-on-block-update",
            "value": false
          }
        }
      ]
    }
  ]
}
